k,attack_type,attack_id,truth_count,precision,recall,f1,jaccard
10,Procedure,S0698,143,0.1,0.006993006993006993,0.0130718954248366,0.006578947368421052
20,Procedure,S0698,143,0.1,0.013986013986013986,0.024539877300613498,0.012422360248447204
30,Procedure,S0698,143,0.1,0.02097902097902098,0.03468208092485549,0.01764705882352941
40,Procedure,S0698,143,0.125,0.03496503496503497,0.0546448087431694,0.028089887640449437
50,Procedure,S0698,143,0.16,0.055944055944055944,0.08290155440414508,0.043243243243243246
100,Procedure,S0698,143,0.15,0.1048951048951049,0.12345679012345677,0.06578947368421052
150,Procedure,S0698,143,0.20666666666666667,0.21678321678321677,0.21160409556313994,0.1183206106870229
200,Procedure,S0698,143,0.235,0.32867132867132864,0.27405247813411077,0.15878378378378377
10,Procedure,S0630,150,0.2,0.013333333333333334,0.025,0.012658227848101266
20,Procedure,S0630,150,0.2,0.02666666666666667,0.047058823529411764,0.024096385542168676
30,Procedure,S0630,150,0.26666666666666666,0.05333333333333334,0.08888888888888889,0.046511627906976744
40,Procedure,S0630,150,0.25,0.06666666666666667,0.10526315789473685,0.05555555555555555
50,Procedure,S0630,150,0.26,0.08666666666666667,0.13,0.06951871657754011
100,Procedure,S0630,150,0.27,0.18,0.21600000000000003,0.1210762331838565
150,Procedure,S0630,150,0.22666666666666666,0.22666666666666666,0.22666666666666666,0.12781954887218044
200,Procedure,S0630,150,0.245,0.32666666666666666,0.27999999999999997,0.16279069767441862
10,Procedure,S0530,112,0.5,0.044642857142857144,0.0819672131147541,0.042735042735042736
20,Procedure,S0530,112,0.3,0.05357142857142857,0.09090909090909091,0.047619047619047616
30,Procedure,S0530,112,0.2,0.05357142857142857,0.08450704225352113,0.04411764705882353
40,Procedure,S0530,112,0.175,0.0625,0.09210526315789473,0.04827586206896552
50,Procedure,S0530,112,0.2,0.08928571428571429,0.1234567901234568,0.06578947368421052
100,Procedure,S0530,112,0.19,0.16964285714285715,0.17924528301886794,0.09844559585492228
150,Procedure,S0530,112,0.17333333333333334,0.23214285714285715,0.1984732824427481,0.11016949152542373
200,Procedure,S0530,112,0.17,0.30357142857142855,0.21794871794871798,0.1223021582733813
10,Procedure,S0267,120,0.2,0.016666666666666666,0.03076923076923077,0.015625
20,Procedure,S0267,120,0.2,0.03333333333333333,0.05714285714285715,0.029411764705882353
30,Procedure,S0267,120,0.16666666666666666,0.041666666666666664,0.06666666666666667,0.034482758620689655
40,Procedure,S0267,120,0.125,0.041666666666666664,0.0625,0.03225806451612903
50,Procedure,S0267,120,0.1,0.041666666666666664,0.058823529411764705,0.030303030303030304
100,Procedure,S0267,120,0.14,0.11666666666666667,0.12727272727272726,0.06796116504854369
150,Procedure,S0267,120,0.13333333333333333,0.16666666666666666,0.14814814814814814,0.08
200,Procedure,S0267,120,0.15,0.25,0.18749999999999997,0.10344827586206896
10,Procedure,S0084,98,0.1,0.01020408163265306,0.018518518518518514,0.009345794392523364
20,Procedure,S0084,98,0.2,0.04081632653061224,0.06779661016949151,0.03508771929824561
30,Procedure,S0084,98,0.2,0.061224489795918366,0.09375,0.04918032786885246
40,Procedure,S0084,98,0.2,0.08163265306122448,0.11594202898550723,0.06153846153846154
50,Procedure,S0084,98,0.18,0.09183673469387756,0.12162162162162163,0.06474820143884892
100,Procedure,S0084,98,0.22,0.22448979591836735,0.22222222222222224,0.125
150,Procedure,S0084,98,0.2,0.30612244897959184,0.24193548387096772,0.13761467889908258
200,Procedure,S0084,98,0.2,0.40816326530612246,0.26845637583892623,0.15503875968992248
10,CAPEC,561,14,0.1,0.07142857142857142,0.08333333333333333,0.043478260869565216
20,CAPEC,561,14,0.05,0.07142857142857142,0.058823529411764705,0.030303030303030304
30,CAPEC,561,14,0.06666666666666667,0.14285714285714285,0.09090909090909091,0.047619047619047616
40,CAPEC,561,14,0.05,0.14285714285714285,0.07407407407407408,0.038461538461538464
50,CAPEC,561,14,0.04,0.14285714285714285,0.0625,0.03225806451612903
100,CAPEC,561,14,0.04,0.2857142857142857,0.07017543859649124,0.03636363636363636
150,CAPEC,561,14,0.04666666666666667,0.5,0.08536585365853659,0.044585987261146494
200,CAPEC,561,14,0.05,0.7142857142857143,0.09345794392523366,0.049019607843137254
10,Procedure,S0662,180,0.5,0.027777777777777776,0.05263157894736842,0.02702702702702703
20,Procedure,S0662,180,0.3,0.03333333333333333,0.060000000000000005,0.030927835051546393
30,Procedure,S0662,180,0.3,0.05,0.08571428571428572,0.04477611940298507
40,Procedure,S0662,180,0.275,0.06111111111111111,0.09999999999999999,0.05263157894736842
50,Procedure,S0662,180,0.26,0.07222222222222222,0.11304347826086956,0.059907834101382486
100,Procedure,S0662,180,0.36,0.2,0.2571428571428571,0.14754098360655737
150,Procedure,S0662,180,0.3333333333333333,0.2777777777777778,0.303030303030303,0.17857142857142858
200,Procedure,S0662,180,0.305,0.3388888888888889,0.3210526315789473,0.19122257053291536
10,CAPEC,574,19,0.1,0.05263157894736842,0.06896551724137931,0.03571428571428571
20,CAPEC,574,19,0.05,0.05263157894736842,0.05128205128205128,0.02631578947368421
30,CAPEC,574,19,0.1,0.15789473684210525,0.12244897959183673,0.06521739130434782
40,CAPEC,574,19,0.1,0.21052631578947367,0.13559322033898305,0.07272727272727272
50,CAPEC,574,19,0.08,0.21052631578947367,0.11594202898550725,0.06153846153846154
100,CAPEC,574,19,0.05,0.2631578947368421,0.08403361344537816,0.043859649122807015
150,CAPEC,574,19,0.04,0.3157894736842105,0.07100591715976332,0.03680981595092025
200,CAPEC,574,19,0.03,0.3157894736842105,0.054794520547945195,0.028169014084507043
10,Procedure,S0250,161,0.6,0.037267080745341616,0.07017543859649124,0.03636363636363636
20,Procedure,S0250,161,0.65,0.08074534161490683,0.143646408839779,0.07738095238095238
30,Procedure,S0250,161,0.6333333333333333,0.11801242236024845,0.19895287958115182,0.11046511627906977
40,Procedure,S0250,161,0.625,0.15527950310559005,0.24875621890547261,0.14204545454545456
50,Procedure,S0250,161,0.58,0.18012422360248448,0.27488151658767773,0.15934065934065933
100,Procedure,S0250,161,0.41,0.2546583850931677,0.31417624521072796,0.18636363636363637
150,Procedure,S0250,161,0.38,0.35403726708074534,0.3665594855305466,0.22440944881889763
200,Procedure,S0250,161,0.365,0.453416149068323,0.4044321329639889,0.2534722222222222
10,Procedure,S0011,219,0.2,0.0091324200913242,0.017467248908296942,0.00881057268722467
20,Procedure,S0011,219,0.3,0.0273972602739726,0.0502092050209205,0.02575107296137339
30,Procedure,S0011,219,0.4,0.0547945205479452,0.09638554216867469,0.05063291139240506
40,Procedure,S0011,219,0.425,0.0776255707762557,0.13127413127413126,0.07024793388429752
50,Procedure,S0011,219,0.48,0.1095890410958904,0.17843866171003717,0.09795918367346938
100,Procedure,S0011,219,0.4,0.182648401826484,0.2507836990595611,0.14336917562724014
150,Procedure,S0011,219,0.38666666666666666,0.2648401826484018,0.3143631436314363,0.1864951768488746
200,Procedure,S0011,219,0.37,0.3378995433789954,0.35322195704057274,0.2144927536231884
10,CAPEC,485,17,0.1,0.058823529411764705,0.07407407407407408,0.038461538461538464
20,CAPEC,485,17,0.05,0.058823529411764705,0.05405405405405405,0.027777777777777776
30,CAPEC,485,17,0.06666666666666667,0.11764705882352941,0.0851063829787234,0.044444444444444446
40,CAPEC,485,17,0.075,0.17647058823529413,0.10526315789473684,0.05555555555555555
50,CAPEC,485,17,0.1,0.29411764705882354,0.14925373134328357,0.08064516129032258
100,CAPEC,485,17,0.06,0.35294117647058826,0.10256410256410256,0.05405405405405406
150,CAPEC,485,17,0.06,0.5294117647058824,0.10778443113772455,0.056962025316455694
200,CAPEC,485,17,0.055,0.6470588235294118,0.10138248847926266,0.05339805825242718
10,Procedure,S0386,219,0.4,0.0182648401826484,0.034934497816593885,0.017777777777777778
20,Procedure,S0386,219,0.35,0.0319634703196347,0.05857740585774058,0.03017241379310345
30,Procedure,S0386,219,0.4,0.0547945205479452,0.09638554216867469,0.05063291139240506
40,Procedure,S0386,219,0.4,0.0730593607305936,0.12355212355212354,0.06584362139917696
50,Procedure,S0386,219,0.34,0.0776255707762557,0.12639405204460966,0.06746031746031746
100,Procedure,S0386,219,0.31,0.1415525114155251,0.19435736677115986,0.1076388888888889
150,Procedure,S0386,219,0.34,0.2328767123287671,0.2764227642276423,0.16037735849056603
200,Procedure,S0386,219,0.35,0.319634703196347,0.33412887828162285,0.20057306590257878
10,Procedure,S0021,118,0.2,0.01694915254237288,0.03125,0.015873015873015872
20,Procedure,S0021,118,0.25,0.0423728813559322,0.07246376811594203,0.03759398496240601
30,Procedure,S0021,118,0.26666666666666666,0.06779661016949153,0.10810810810810811,0.05714285714285714
40,Procedure,S0021,118,0.225,0.07627118644067797,0.11392405063291139,0.06040268456375839
50,Procedure,S0021,118,0.22,0.09322033898305085,0.13095238095238096,0.07006369426751592
100,Procedure,S0021,118,0.21,0.17796610169491525,0.1926605504587156,0.1065989847715736
150,Procedure,S0021,118,0.23333333333333334,0.2966101694915254,0.2611940298507463,0.15021459227467812
200,Procedure,S0021,118,0.235,0.3983050847457627,0.2955974842767296,0.17343173431734318
10,Procedure,G1011,26,0.0,0.0,0.0,0.0
20,Procedure,G1011,26,0.1,0.07692307692307693,0.08695652173913043,0.045454545454545456
30,Procedure,G1011,26,0.13333333333333333,0.15384615384615385,0.14285714285714288,0.07692307692307693
40,Procedure,G1011,26,0.1,0.15384615384615385,0.12121212121212123,0.06451612903225806
50,Procedure,G1011,26,0.1,0.19230769230769232,0.13157894736842105,0.07042253521126761
100,Procedure,G1011,26,0.09,0.34615384615384615,0.14285714285714288,0.07692307692307693
150,Procedure,G1011,26,0.07333333333333333,0.4230769230769231,0.12500000000000003,0.06666666666666667
200,Procedure,G1011,26,0.055,0.4230769230769231,0.09734513274336283,0.05116279069767442
10,Procedure,S0554,49,0.0,0.0,0.0,0.0
20,Procedure,S0554,49,0.05,0.02040816326530612,0.02898550724637681,0.014705882352941176
30,Procedure,S0554,49,0.06666666666666667,0.04081632653061224,0.050632911392405056,0.025974025974025976
40,Procedure,S0554,49,0.05,0.04081632653061224,0.04494382022471909,0.022988505747126436
50,Procedure,S0554,49,0.04,0.04081632653061224,0.0404040404040404,0.020618556701030927
100,Procedure,S0554,49,0.05,0.10204081632653061,0.06711409395973156,0.034722222222222224
150,Procedure,S0554,49,0.04666666666666667,0.14285714285714285,0.07035175879396985,0.036458333333333336
200,Procedure,S0554,49,0.05,0.20408163265306123,0.08032128514056226,0.04184100418410042
10,Technique,T1110.004,19,0.2,0.10526315789473684,0.13793103448275862,0.07407407407407407
20,Technique,T1110.004,19,0.1,0.10526315789473684,0.10256410256410256,0.05405405405405406
30,Technique,T1110.004,19,0.1,0.15789473684210525,0.12244897959183673,0.06521739130434782
40,Technique,T1110.004,19,0.1,0.21052631578947367,0.13559322033898305,0.07272727272727272
50,Technique,T1110.004,19,0.08,0.21052631578947367,0.11594202898550725,0.06153846153846154
100,Technique,T1110.004,19,0.08,0.42105263157894735,0.13445378151260506,0.07207207207207207
150,Technique,T1110.004,19,0.06666666666666667,0.5263157894736842,0.1183431952662722,0.06289308176100629
200,Technique,T1110.004,19,0.065,0.6842105263157895,0.1187214611872146,0.06310679611650485
10,Procedure,S0560,104,0.5,0.04807692307692308,0.08771929824561403,0.045871559633027525
20,Procedure,S0560,104,0.3,0.057692307692307696,0.0967741935483871,0.05084745762711865
30,Procedure,S0560,104,0.3,0.08653846153846154,0.13432835820895522,0.072
40,Procedure,S0560,104,0.3,0.11538461538461539,0.16666666666666669,0.09090909090909091
50,Procedure,S0560,104,0.32,0.15384615384615385,0.2077922077922078,0.11594202898550725
100,Procedure,S0560,104,0.3,0.28846153846153844,0.29411764705882354,0.1724137931034483
150,Procedure,S0560,104,0.24,0.34615384615384615,0.28346456692913385,0.1651376146788991
200,Procedure,S0560,104,0.24,0.46153846153846156,0.3157894736842105,0.1875
10,Procedure,S0561,26,0.1,0.038461538461538464,0.05555555555555555,0.02857142857142857
20,Procedure,S0561,26,0.15,0.11538461538461539,0.13043478260869565,0.06976744186046512
30,Procedure,S0561,26,0.16666666666666666,0.19230769230769232,0.17857142857142855,0.09803921568627451
40,Procedure,S0561,26,0.15,0.23076923076923078,0.18181818181818185,0.1
50,Procedure,S0561,26,0.18,0.34615384615384615,0.23684210526315788,0.13432835820895522
100,Procedure,S0561,26,0.17,0.6538461538461539,0.2698412698412698,0.1559633027522936
150,Procedure,S0561,26,0.13333333333333333,0.7692307692307693,0.2272727272727273,0.1282051282051282
200,Procedure,S0561,26,0.11,0.8461538461538461,0.19469026548672566,0.10784313725490197
10,Procedure,S0668,88,0.1,0.011363636363636364,0.020408163265306124,0.010309278350515464
20,Procedure,S0668,88,0.2,0.045454545454545456,0.07407407407407407,0.038461538461538464
30,Procedure,S0668,88,0.16666666666666666,0.056818181818181816,0.08474576271186439,0.04424778761061947
40,Procedure,S0668,88,0.125,0.056818181818181816,0.078125,0.04065040650406504
50,Procedure,S0668,88,0.1,0.056818181818181816,0.07246376811594203,0.03759398496240601
100,Procedure,S0668,88,0.09,0.10227272727272728,0.09574468085106384,0.05027932960893855
150,Procedure,S0668,88,0.11333333333333333,0.19318181818181818,0.14285714285714285,0.07692307692307693
200,Procedure,S0668,88,0.125,0.2840909090909091,0.1736111111111111,0.09505703422053231
10,Tactic,TA0003,69,0.0,0.0,0.0,0.0
20,Tactic,TA0003,69,0.0,0.0,0.0,0.0
30,Tactic,TA0003,69,0.1,0.043478260869565216,0.06060606060606061,0.03125
40,Tactic,TA0003,69,0.1,0.057971014492753624,0.07339449541284403,0.0380952380952381
50,Tactic,TA0003,69,0.1,0.07246376811594203,0.08403361344537816,0.043859649122807015
100,Tactic,TA0003,69,0.1,0.14492753623188406,0.1183431952662722,0.06289308176100629
150,Tactic,TA0003,69,0.08,0.17391304347826086,0.1095890410958904,0.057971014492753624
200,Tactic,TA0003,69,0.1,0.2898550724637681,0.14869888475836432,0.08032128514056225
10,Procedure,S0467,285,0.3,0.010526315789473684,0.02033898305084746,0.010273972602739725
20,Procedure,S0467,285,0.5,0.03508771929824561,0.06557377049180328,0.03389830508474576
30,Procedure,S0467,285,0.5333333333333333,0.056140350877192984,0.1015873015873016,0.05351170568561873
40,Procedure,S0467,285,0.525,0.07368421052631578,0.1292307692307692,0.06907894736842106
50,Procedure,S0467,285,0.52,0.0912280701754386,0.15522388059701492,0.08414239482200647
100,Procedure,S0467,285,0.46,0.16140350877192983,0.23896103896103899,0.13569321533923304
150,Procedure,S0467,285,0.5066666666666667,0.26666666666666666,0.34942528735632183,0.2116991643454039
200,Procedure,S0467,285,0.525,0.3684210526315789,0.4329896907216495,0.27631578947368424
10,Procedure,S0380,137,0.2,0.014598540145985401,0.027210884353741496,0.013793103448275862
20,Procedure,S0380,137,0.35,0.051094890510948905,0.08917197452229299,0.04666666666666667
30,Procedure,S0380,137,0.3333333333333333,0.072992700729927,0.11976047904191617,0.06369426751592357
40,Procedure,S0380,137,0.3,0.08759124087591241,0.13559322033898305,0.07272727272727272
50,Procedure,S0380,137,0.28,0.10218978102189781,0.14973262032085563,0.08092485549132948
100,Procedure,S0380,137,0.28,0.20437956204379562,0.23628691983122366,0.1339712918660287
150,Procedure,S0380,137,0.2733333333333333,0.29927007299270075,0.28571428571428564,0.16666666666666666
200,Procedure,S0380,137,0.245,0.35766423357664234,0.29080118694362017,0.1701388888888889
10,Procedure,S0496,197,0.4,0.02030456852791878,0.03864734299516908,0.019704433497536946
20,Procedure,S0496,197,0.45,0.04568527918781726,0.08294930875576037,0.04326923076923077
30,Procedure,S0496,197,0.4,0.06091370558375635,0.10572687224669604,0.05581395348837209
40,Procedure,S0496,197,0.425,0.08629441624365482,0.14345991561181434,0.07727272727272727
50,Procedure,S0496,197,0.46,0.116751269035533,0.1862348178137652,0.10267857142857142
100,Procedure,S0496,197,0.36,0.18274111675126903,0.24242424242424243,0.13793103448275862
150,Procedure,S0496,197,0.35333333333333333,0.26903553299492383,0.30547550432276654,0.18027210884353742
200,Procedure,S0496,197,0.325,0.3299492385786802,0.32745591939546603,0.19578313253012047
10,Technique,T1027,126,0.3,0.023809523809523808,0.044117647058823525,0.022556390977443608
20,Technique,T1027,126,0.35,0.05555555555555555,0.09589041095890409,0.050359712230215826
30,Technique,T1027,126,0.4,0.09523809523809523,0.15384615384615385,0.08333333333333333
40,Technique,T1027,126,0.3,0.09523809523809523,0.14457831325301204,0.07792207792207792
50,Technique,T1027,126,0.28,0.1111111111111111,0.1590909090909091,0.08641975308641975
100,Technique,T1027,126,0.26,0.20634920634920634,0.23008849557522124,0.13
150,Technique,T1027,126,0.26666666666666666,0.31746031746031744,0.2898550724637681,0.1694915254237288
200,Technique,T1027,126,0.235,0.373015873015873,0.2883435582822086,0.16845878136200718
10,Procedure,G0106,179,0.2,0.0111731843575419,0.021164021164021166,0.0106951871657754
20,Procedure,G0106,179,0.3,0.0335195530726257,0.06030150753768844,0.031088082901554404
30,Procedure,G0106,179,0.3333333333333333,0.055865921787709494,0.09569377990430622,0.05025125628140704
40,Procedure,G0106,179,0.3,0.0670391061452514,0.10958904109589042,0.057971014492753624
50,Procedure,G0106,179,0.26,0.07262569832402235,0.11353711790393015,0.06018518518518518
100,Procedure,G0106,179,0.32,0.1787709497206704,0.22939068100358423,0.12955465587044535
150,Procedure,G0106,179,0.32,0.2681564245810056,0.2917933130699088,0.1708185053380783
200,Procedure,G0106,179,0.34,0.37988826815642457,0.3588390501319261,0.21864951768488747
10,Procedure,S0165,72,0.0,0.0,0.0,0.0
20,Procedure,S0165,72,0.1,0.027777777777777776,0.04347826086956522,0.022222222222222223
30,Procedure,S0165,72,0.13333333333333333,0.05555555555555555,0.0784313725490196,0.04081632653061224
40,Procedure,S0165,72,0.1,0.05555555555555555,0.07142857142857142,0.037037037037037035
50,Procedure,S0165,72,0.12,0.08333333333333333,0.09836065573770492,0.05172413793103448
100,Procedure,S0165,72,0.08,0.1111111111111111,0.09302325581395349,0.04878048780487805
150,Procedure,S0165,72,0.12,0.25,0.16216216216216217,0.08823529411764706
200,Procedure,S0165,72,0.14,0.3888888888888889,0.20588235294117646,0.11475409836065574
10,Procedure,G0124,144,0.3,0.020833333333333332,0.03896103896103896,0.019867549668874173
20,Procedure,G0124,144,0.35,0.04861111111111111,0.08536585365853658,0.044585987261146494
30,Procedure,G0124,144,0.4666666666666667,0.09722222222222222,0.16091954022988508,0.0875
40,Procedure,G0124,144,0.45,0.125,0.1956521739130435,0.10843373493975904
50,Procedure,G0124,144,0.36,0.125,0.18556701030927836,0.10227272727272728
100,Procedure,G0124,144,0.3,0.20833333333333334,0.24590163934426232,0.14018691588785046
150,Procedure,G0124,144,0.2733333333333333,0.2847222222222222,0.2789115646258503,0.16205533596837945
200,Procedure,G0124,144,0.285,0.3958333333333333,0.3313953488372093,0.1986062717770035
10,Procedure,S0281,7,0.0,0.0,0.0,0.0
20,Procedure,S0281,7,0.05,0.14285714285714285,0.07407407407407408,0.038461538461538464
30,Procedure,S0281,7,0.03333333333333333,0.14285714285714285,0.05405405405405406,0.027777777777777776
40,Procedure,S0281,7,0.025,0.14285714285714285,0.0425531914893617,0.021739130434782608
50,Procedure,S0281,7,0.02,0.14285714285714285,0.03508771929824562,0.017857142857142856
100,Procedure,S0281,7,0.01,0.14285714285714285,0.018691588785046728,0.009433962264150943
150,Procedure,S0281,7,0.006666666666666667,0.14285714285714285,0.012738853503184716,0.00641025641025641
200,Procedure,S0281,7,0.005,0.14285714285714285,0.00966183574879227,0.0048543689320388345
10,Procedure,S0415,103,0.3,0.02912621359223301,0.05309734513274337,0.02727272727272727
20,Procedure,S0415,103,0.25,0.04854368932038835,0.08130081300813008,0.0423728813559322
30,Procedure,S0415,103,0.23333333333333334,0.06796116504854369,0.10526315789473682,0.05555555555555555
40,Procedure,S0415,103,0.2,0.07766990291262135,0.11188811188811187,0.05925925925925926
50,Procedure,S0415,103,0.22,0.10679611650485436,0.14379084967320263,0.07746478873239436
100,Procedure,S0415,103,0.24,0.23300970873786409,0.23645320197044334,0.1340782122905028
150,Procedure,S0415,103,0.23333333333333334,0.33980582524271846,0.2766798418972332,0.16055045871559634
200,Procedure,S0415,103,0.235,0.4563106796116505,0.3102310231023102,0.18359375
10,Procedure,G0091,143,0.1,0.006993006993006993,0.0130718954248366,0.006578947368421052
20,Procedure,G0091,143,0.2,0.027972027972027972,0.049079754601226995,0.025157232704402517
30,Procedure,G0091,143,0.23333333333333334,0.04895104895104895,0.08092485549132948,0.04216867469879518
40,Procedure,G0091,143,0.275,0.07692307692307693,0.12021857923497267,0.06395348837209303
50,Procedure,G0091,143,0.28,0.0979020979020979,0.14507772020725387,0.0782122905027933
100,Procedure,G0091,143,0.3,0.2097902097902098,0.24691358024691354,0.14084507042253522
150,Procedure,G0091,143,0.3,0.3146853146853147,0.30716723549488056,0.1814516129032258
200,Procedure,G0091,143,0.3,0.4195804195804196,0.34985422740524774,0.21201413427561838
10,Procedure,S0098,56,0.0,0.0,0.0,0.0
20,Procedure,S0098,56,0.0,0.0,0.0,0.0
30,Procedure,S0098,56,0.03333333333333333,0.017857142857142856,0.023255813953488372,0.011764705882352941
40,Procedure,S0098,56,0.025,0.017857142857142856,0.020833333333333332,0.010526315789473684
50,Procedure,S0098,56,0.06,0.05357142857142857,0.05660377358490565,0.02912621359223301
100,Procedure,S0098,56,0.07,0.125,0.08974358974358974,0.04697986577181208
150,Procedure,S0098,56,0.07333333333333333,0.19642857142857142,0.10679611650485436,0.05641025641025641
200,Procedure,S0098,56,0.1,0.35714285714285715,0.15625,0.0847457627118644
10,Procedure,S1018,236,0.6,0.025423728813559324,0.04878048780487805,0.025
20,Procedure,S1018,236,0.5,0.0423728813559322,0.078125,0.04065040650406504
30,Procedure,S1018,236,0.4666666666666667,0.059322033898305086,0.10526315789473685,0.05555555555555555
40,Procedure,S1018,236,0.45,0.07627118644067797,0.13043478260869565,0.06976744186046512
50,Procedure,S1018,236,0.48,0.1016949152542373,0.16783216783216787,0.0916030534351145
100,Procedure,S1018,236,0.36,0.15254237288135594,0.21428571428571427,0.12
150,Procedure,S1018,236,0.38666666666666666,0.2457627118644068,0.3005181347150259,0.17682926829268292
200,Procedure,S1018,236,0.36,0.3050847457627119,0.3302752293577982,0.1978021978021978
10,Technique,T1552.006,1,0.0,0.0,0.0,0.0
20,Technique,T1552.006,1,0.0,0.0,0.0,0.0
30,Technique,T1552.006,1,0.0,0.0,0.0,0.0
40,Technique,T1552.006,1,0.0,0.0,0.0,0.0
50,Technique,T1552.006,1,0.0,0.0,0.0,0.0
100,Technique,T1552.006,1,0.0,0.0,0.0,0.0
150,Technique,T1552.006,1,0.0,0.0,0.0,0.0
200,Technique,T1552.006,1,0.0,0.0,0.0,0.0
10,Procedure,S0484,180,0.3,0.016666666666666666,0.031578947368421054,0.016042780748663103
20,Procedure,S0484,180,0.3,0.03333333333333333,0.060000000000000005,0.030927835051546393
30,Procedure,S0484,180,0.3,0.05,0.08571428571428572,0.04477611940298507
40,Procedure,S0484,180,0.25,0.05555555555555555,0.0909090909090909,0.047619047619047616
50,Procedure,S0484,180,0.28,0.07777777777777778,0.12173913043478261,0.06481481481481481
100,Procedure,S0484,180,0.3,0.16666666666666666,0.21428571428571427,0.12
150,Procedure,S0484,180,0.31333333333333335,0.2611111111111111,0.28484848484848485,0.16607773851590105
200,Procedure,S0484,180,0.305,0.3388888888888889,0.3210526315789473,0.19122257053291536
10,Procedure,S0278,22,0.1,0.045454545454545456,0.06250000000000001,0.03225806451612903
20,Procedure,S0278,22,0.1,0.09090909090909091,0.09523809523809525,0.05
30,Procedure,S0278,22,0.06666666666666667,0.09090909090909091,0.07692307692307691,0.04
40,Procedure,S0278,22,0.075,0.13636363636363635,0.09677419354838708,0.05084745762711865
50,Procedure,S0278,22,0.06,0.13636363636363635,0.08333333333333333,0.043478260869565216
100,Procedure,S0278,22,0.06,0.2727272727272727,0.09836065573770492,0.05172413793103448
150,Procedure,S0278,22,0.06,0.4090909090909091,0.10465116279069768,0.05521472392638037
200,Procedure,S0278,22,0.055,0.5,0.09909909909909909,0.052132701421800945
10,CAPEC,25,27,0.7,0.25925925925925924,0.37837837837837834,0.23333333333333334
20,CAPEC,25,27,0.55,0.4074074074074074,0.46808510638297873,0.3055555555555556
30,CAPEC,25,27,0.5,0.5555555555555556,0.5263157894736842,0.35714285714285715
40,CAPEC,25,27,0.425,0.6296296296296297,0.5074626865671642,0.34
50,CAPEC,25,27,0.38,0.7037037037037037,0.49350649350649356,0.3275862068965517
100,CAPEC,25,27,0.22,0.8148148148148148,0.3464566929133858,0.20952380952380953
150,CAPEC,25,27,0.16666666666666666,0.9259259259259259,0.2824858757062147,0.16447368421052633
200,CAPEC,25,27,0.125,0.9259259259259259,0.2202643171806167,0.12376237623762376
10,Technique,T1027.009,63,0.1,0.015873015873015872,0.0273972602739726,0.013888888888888888
20,Technique,T1027.009,63,0.15,0.047619047619047616,0.07228915662650602,0.0375
30,Technique,T1027.009,63,0.2,0.09523809523809523,0.12903225806451613,0.06896551724137931
40,Technique,T1027.009,63,0.25,0.15873015873015872,0.1941747572815534,0.10752688172043011
50,Technique,T1027.009,63,0.24,0.19047619047619047,0.21238938053097342,0.1188118811881188
100,Technique,T1027.009,63,0.21,0.3333333333333333,0.2576687116564417,0.14788732394366197
150,Technique,T1027.009,63,0.17333333333333334,0.4126984126984127,0.24413145539906103,0.13903743315508021
200,Technique,T1027.009,63,0.165,0.5238095238095238,0.2509505703422053,0.14347826086956522
10,Procedure,S1033,90,0.2,0.022222222222222223,0.039999999999999994,0.02040816326530612
20,Procedure,S1033,90,0.2,0.044444444444444446,0.07272727272727272,0.03773584905660377
30,Procedure,S1033,90,0.23333333333333334,0.07777777777777778,0.11666666666666667,0.061946902654867256
40,Procedure,S1033,90,0.225,0.1,0.13846153846153847,0.0743801652892562
50,Procedure,S1033,90,0.2,0.1111111111111111,0.14285714285714285,0.07692307692307693
100,Procedure,S1033,90,0.17,0.18888888888888888,0.1789473684210526,0.09826589595375723
150,Procedure,S1033,90,0.16,0.26666666666666666,0.2,0.1111111111111111
200,Procedure,S1033,90,0.135,0.3,0.18620689655172415,0.10266159695817491
10,Technique,T1001,1,0.0,0.0,0.0,0.0
20,Technique,T1001,1,0.0,0.0,0.0,0.0
30,Technique,T1001,1,0.0,0.0,0.0,0.0
40,Technique,T1001,1,0.0,0.0,0.0,0.0
50,Technique,T1001,1,0.0,0.0,0.0,0.0
100,Technique,T1001,1,0.0,0.0,0.0,0.0
150,Technique,T1001,1,0.0,0.0,0.0,0.0
200,Technique,T1001,1,0.0,0.0,0.0,0.0
10,Procedure,S0575,186,0.2,0.010752688172043012,0.020408163265306128,0.010309278350515464
20,Procedure,S0575,186,0.35,0.03763440860215054,0.06796116504854369,0.035175879396984924
30,Procedure,S0575,186,0.3333333333333333,0.053763440860215055,0.09259259259259259,0.04854368932038835
40,Procedure,S0575,186,0.3,0.06451612903225806,0.10619469026548671,0.056074766355140186
50,Procedure,S0575,186,0.24,0.06451612903225806,0.10169491525423728,0.05357142857142857
100,Procedure,S0575,186,0.27,0.14516129032258066,0.18881118881118883,0.10424710424710425
150,Procedure,S0575,186,0.2866666666666667,0.23118279569892472,0.255952380952381,0.14675767918088736
200,Procedure,S0575,186,0.285,0.3064516129032258,0.29533678756476683,0.17325227963525835
10,Procedure,S0210,80,0.2,0.025,0.04444444444444445,0.022727272727272728
20,Procedure,S0210,80,0.2,0.05,0.08000000000000002,0.041666666666666664
30,Procedure,S0210,80,0.16666666666666666,0.0625,0.09090909090909091,0.047619047619047616
40,Procedure,S0210,80,0.2,0.1,0.13333333333333333,0.07142857142857142
50,Procedure,S0210,80,0.18,0.1125,0.13846153846153847,0.0743801652892562
100,Procedure,S0210,80,0.14,0.175,0.15555555555555556,0.08433734939759036
150,Procedure,S0210,80,0.14666666666666667,0.275,0.19130434782608696,0.10576923076923077
200,Procedure,S0210,80,0.145,0.3625,0.20714285714285716,0.11553784860557768
10,Procedure,S0661,242,0.5,0.02066115702479339,0.03968253968253968,0.020242914979757085
20,Procedure,S0661,242,0.45,0.0371900826446281,0.06870229007633588,0.03557312252964427
30,Procedure,S0661,242,0.43333333333333335,0.05371900826446281,0.09558823529411765,0.05019305019305019
40,Procedure,S0661,242,0.425,0.07024793388429752,0.12056737588652483,0.06415094339622641
50,Procedure,S0661,242,0.42,0.08677685950413223,0.14383561643835618,0.07749077490774908
100,Procedure,S0661,242,0.4,0.1652892561983471,0.23391812865497075,0.13245033112582782
150,Procedure,S0661,242,0.4066666666666667,0.25206611570247933,0.3112244897959184,0.18429003021148035
200,Procedure,S0661,242,0.405,0.3347107438016529,0.36651583710407243,0.22437673130193905
10,Procedure,S0072,134,0.3,0.022388059701492536,0.041666666666666664,0.02127659574468085
20,Procedure,S0072,134,0.25,0.03731343283582089,0.06493506493506493,0.03355704697986577
30,Procedure,S0072,134,0.23333333333333334,0.05223880597014925,0.08536585365853659,0.044585987261146494
40,Procedure,S0072,134,0.25,0.07462686567164178,0.11494252873563218,0.06097560975609756
50,Procedure,S0072,134,0.28,0.1044776119402985,0.15217391304347827,0.08235294117647059
100,Procedure,S0072,134,0.24,0.1791044776119403,0.20512820512820515,0.11428571428571428
150,Procedure,S0072,134,0.23333333333333334,0.26119402985074625,0.2464788732394366,0.14056224899598393
200,Procedure,S0072,134,0.23,0.34328358208955223,0.2754491017964072,0.1597222222222222
10,Procedure,S0663,251,0.6,0.02390438247011952,0.04597701149425287,0.023529411764705882
20,Procedure,S0663,251,0.65,0.05179282868525897,0.09594095940959411,0.050387596899224806
30,Procedure,S0663,251,0.6333333333333333,0.07569721115537849,0.13523131672597866,0.07251908396946564
40,Procedure,S0663,251,0.65,0.10358565737051793,0.1786941580756014,0.09811320754716982
50,Procedure,S0663,251,0.58,0.11553784860557768,0.1926910299003322,0.10661764705882353
100,Procedure,S0663,251,0.52,0.20717131474103587,0.2962962962962963,0.17391304347826086
150,Procedure,S0663,251,0.5,0.29880478087649404,0.3740648379052369,0.23006134969325154
200,Procedure,S0663,251,0.5,0.398406374501992,0.44345898004434586,0.2849002849002849
10,Technique,T1036.007,3,0.0,0.0,0.0,0.0
20,Technique,T1036.007,3,0.05,0.3333333333333333,0.08695652173913045,0.045454545454545456
30,Technique,T1036.007,3,0.03333333333333333,0.3333333333333333,0.0606060606060606,0.03125
40,Technique,T1036.007,3,0.05,0.6666666666666666,0.09302325581395349,0.04878048780487805
50,Technique,T1036.007,3,0.04,0.6666666666666666,0.07547169811320754,0.0392156862745098
100,Technique,T1036.007,3,0.02,0.6666666666666666,0.038834951456310676,0.019801980198019802
150,Technique,T1036.007,3,0.013333333333333334,0.6666666666666666,0.026143790849673203,0.013245033112582781
200,Technique,T1036.007,3,0.01,0.6666666666666666,0.019704433497536946,0.009950248756218905
10,Technique,T1036,95,0.1,0.010526315789473684,0.019047619047619046,0.009615384615384616
20,Technique,T1036,95,0.05,0.010526315789473684,0.017391304347826087,0.008771929824561403
30,Technique,T1036,95,0.06666666666666667,0.021052631578947368,0.032,0.016260162601626018
40,Technique,T1036,95,0.1,0.042105263157894736,0.05925925925925926,0.030534351145038167
50,Technique,T1036,95,0.12,0.06315789473684211,0.08275862068965517,0.04316546762589928
100,Technique,T1036,95,0.13,0.1368421052631579,0.13333333333333336,0.07142857142857142
150,Technique,T1036,95,0.18666666666666668,0.29473684210526313,0.22857142857142854,0.12903225806451613
200,Technique,T1036,95,0.18,0.37894736842105264,0.24406779661016947,0.138996138996139
10,Procedure,S0185,30,0.0,0.0,0.0,0.0
20,Procedure,S0185,30,0.0,0.0,0.0,0.0
30,Procedure,S0185,30,0.0,0.0,0.0,0.0
40,Procedure,S0185,30,0.0,0.0,0.0,0.0
50,Procedure,S0185,30,0.02,0.03333333333333333,0.025,0.012658227848101266
100,Procedure,S0185,30,0.04,0.13333333333333333,0.061538461538461535,0.031746031746031744
150,Procedure,S0185,30,0.02666666666666667,0.13333333333333333,0.044444444444444446,0.022727272727272728
200,Procedure,S0185,30,0.03,0.2,0.05217391304347826,0.026785714285714284
10,Procedure,G0094,337,0.6,0.017804154302670624,0.0345821325648415,0.017595307917888565
20,Procedure,G0094,337,0.6,0.03560830860534125,0.06722689075630252,0.034782608695652174
30,Procedure,G0094,337,0.6666666666666666,0.05934718100890208,0.108991825613079,0.05763688760806916
40,Procedure,G0094,337,0.675,0.08011869436201781,0.14323607427055704,0.07714285714285714
50,Procedure,G0094,337,0.64,0.09495548961424333,0.16537467700258396,0.09014084507042254
100,Procedure,G0094,337,0.69,0.20474777448071216,0.3157894736842105,0.1875
150,Procedure,G0094,337,0.6533333333333333,0.29080118694362017,0.40246406570841886,0.2519280205655527
200,Procedure,G0094,337,0.645,0.3827893175074184,0.48044692737430167,0.3161764705882353
10,Procedure,S0248,161,0.7,0.043478260869565216,0.08187134502923976,0.042682926829268296
20,Procedure,S0248,161,0.45,0.055900621118012424,0.09944751381215469,0.05232558139534884
30,Procedure,S0248,161,0.4666666666666667,0.08695652173913043,0.14659685863874342,0.07909604519774012
40,Procedure,S0248,161,0.425,0.10559006211180125,0.16915422885572137,0.09239130434782608
50,Procedure,S0248,161,0.36,0.11180124223602485,0.17061611374407584,0.09326424870466321
100,Procedure,S0248,161,0.34,0.2111801242236025,0.260536398467433,0.14977973568281938
150,Procedure,S0248,161,0.32666666666666666,0.30434782608695654,0.31511254019292606,0.18702290076335878
200,Procedure,S0248,161,0.3,0.37267080745341613,0.33240997229916897,0.19933554817275748
10,CAPEC,21,39,0.2,0.05128205128205128,0.0816326530612245,0.0425531914893617
20,CAPEC,21,39,0.2,0.10256410256410256,0.13559322033898302,0.07272727272727272
30,CAPEC,21,39,0.2,0.15384615384615385,0.17391304347826086,0.09523809523809523
40,CAPEC,21,39,0.225,0.23076923076923078,0.22784810126582278,0.12857142857142856
50,CAPEC,21,39,0.2,0.2564102564102564,0.2247191011235955,0.12658227848101267
100,CAPEC,21,39,0.16,0.41025641025641024,0.23021582733812948,0.13008130081300814
150,CAPEC,21,39,0.12666666666666668,0.48717948717948717,0.20105820105820107,0.11176470588235295
200,CAPEC,21,39,0.115,0.5897435897435898,0.19246861924686193,0.10648148148148148
10,Technique,T1567.004,0,0.0,0.0,0.0,0.0
20,Technique,T1567.004,0,0.0,0.0,0.0,0.0
30,Technique,T1567.004,0,0.0,0.0,0.0,0.0
40,Technique,T1567.004,0,0.0,0.0,0.0,0.0
50,Technique,T1567.004,0,0.0,0.0,0.0,0.0
100,Technique,T1567.004,0,0.0,0.0,0.0,0.0
150,Technique,T1567.004,0,0.0,0.0,0.0,0.0
200,Technique,T1567.004,0,0.0,0.0,0.0,0.0
10,Procedure,S0001,0,0.0,0.0,0.0,0.0
20,Procedure,S0001,0,0.0,0.0,0.0,0.0
30,Procedure,S0001,0,0.0,0.0,0.0,0.0
40,Procedure,S0001,0,0.0,0.0,0.0,0.0
50,Procedure,S0001,0,0.0,0.0,0.0,0.0
100,Procedure,S0001,0,0.0,0.0,0.0,0.0
150,Procedure,S0001,0,0.0,0.0,0.0,0.0
200,Procedure,S0001,0,0.0,0.0,0.0,0.0
10,CAPEC,443,0,0.0,0.0,0.0,0.0
20,CAPEC,443,0,0.0,0.0,0.0,0.0
30,CAPEC,443,0,0.0,0.0,0.0,0.0
40,CAPEC,443,0,0.0,0.0,0.0,0.0
50,CAPEC,443,0,0.0,0.0,0.0,0.0
100,CAPEC,443,0,0.0,0.0,0.0,0.0
150,CAPEC,443,0,0.0,0.0,0.0,0.0
200,CAPEC,443,0,0.0,0.0,0.0,0.0
10,Technique,T1588.005,0,0.0,0.0,0.0,0.0
20,Technique,T1588.005,0,0.0,0.0,0.0,0.0
30,Technique,T1588.005,0,0.0,0.0,0.0,0.0
40,Technique,T1588.005,0,0.0,0.0,0.0,0.0
50,Technique,T1588.005,0,0.0,0.0,0.0,0.0
100,Technique,T1588.005,0,0.0,0.0,0.0,0.0
150,Technique,T1588.005,0,0.0,0.0,0.0,0.0
200,Technique,T1588.005,0,0.0,0.0,0.0,0.0
10,Technique,T1611,0,0.0,0.0,0.0,0.0
20,Technique,T1611,0,0.0,0.0,0.0,0.0
30,Technique,T1611,0,0.0,0.0,0.0,0.0
40,Technique,T1611,0,0.0,0.0,0.0,0.0
50,Technique,T1611,0,0.0,0.0,0.0,0.0
100,Technique,T1611,0,0.0,0.0,0.0,0.0
150,Technique,T1611,0,0.0,0.0,0.0,0.0
200,Technique,T1611,0,0.0,0.0,0.0,0.0
10,CAPEC,482,0,0.0,0.0,0.0,0.0
20,CAPEC,482,0,0.0,0.0,0.0,0.0
30,CAPEC,482,0,0.0,0.0,0.0,0.0
40,CAPEC,482,0,0.0,0.0,0.0,0.0
50,CAPEC,482,0,0.0,0.0,0.0,0.0
100,CAPEC,482,0,0.0,0.0,0.0,0.0
150,CAPEC,482,0,0.0,0.0,0.0,0.0
200,CAPEC,482,0,0.0,0.0,0.0,0.0
10,Technique,T1555.002,0,0.0,0.0,0.0,0.0
20,Technique,T1555.002,0,0.0,0.0,0.0,0.0
30,Technique,T1555.002,0,0.0,0.0,0.0,0.0
40,Technique,T1555.002,0,0.0,0.0,0.0,0.0
50,Technique,T1555.002,0,0.0,0.0,0.0,0.0
100,Technique,T1555.002,0,0.0,0.0,0.0,0.0
150,Technique,T1555.002,0,0.0,0.0,0.0,0.0
200,Technique,T1555.002,0,0.0,0.0,0.0,0.0
10,Procedure,S0195,0,0.0,0.0,0.0,0.0
20,Procedure,S0195,0,0.0,0.0,0.0,0.0
30,Procedure,S0195,0,0.0,0.0,0.0,0.0
40,Procedure,S0195,0,0.0,0.0,0.0,0.0
50,Procedure,S0195,0,0.0,0.0,0.0,0.0
100,Procedure,S0195,0,0.0,0.0,0.0,0.0
150,Procedure,S0195,0,0.0,0.0,0.0,0.0
200,Procedure,S0195,0,0.0,0.0,0.0,0.0
10,Procedure,S0026,0,0.0,0.0,0.0,0.0
20,Procedure,S0026,0,0.0,0.0,0.0,0.0
30,Procedure,S0026,0,0.0,0.0,0.0,0.0
40,Procedure,S0026,0,0.0,0.0,0.0,0.0
50,Procedure,S0026,0,0.0,0.0,0.0,0.0
100,Procedure,S0026,0,0.0,0.0,0.0,0.0
150,Procedure,S0026,0,0.0,0.0,0.0,0.0
200,Procedure,S0026,0,0.0,0.0,0.0,0.0
10,Procedure,S0005,0,0.0,0.0,0.0,0.0
20,Procedure,S0005,0,0.0,0.0,0.0,0.0
30,Procedure,S0005,0,0.0,0.0,0.0,0.0
40,Procedure,S0005,0,0.0,0.0,0.0,0.0
50,Procedure,S0005,0,0.0,0.0,0.0,0.0
100,Procedure,S0005,0,0.0,0.0,0.0,0.0
150,Procedure,S0005,0,0.0,0.0,0.0,0.0
200,Procedure,S0005,0,0.0,0.0,0.0,0.0
10,Procedure,S0191,0,0.0,0.0,0.0,0.0
20,Procedure,S0191,0,0.0,0.0,0.0,0.0
30,Procedure,S0191,0,0.0,0.0,0.0,0.0
40,Procedure,S0191,0,0.0,0.0,0.0,0.0
50,Procedure,S0191,0,0.0,0.0,0.0,0.0
100,Procedure,S0191,0,0.0,0.0,0.0,0.0
150,Procedure,S0191,0,0.0,0.0,0.0,0.0
200,Procedure,S0191,0,0.0,0.0,0.0,0.0
10,CAPEC,148,0,0.0,0.0,0.0,0.0
20,CAPEC,148,0,0.0,0.0,0.0,0.0
30,CAPEC,148,0,0.0,0.0,0.0,0.0
40,CAPEC,148,0,0.0,0.0,0.0,0.0
50,CAPEC,148,0,0.0,0.0,0.0,0.0
100,CAPEC,148,0,0.0,0.0,0.0,0.0
150,CAPEC,148,0,0.0,0.0,0.0,0.0
200,CAPEC,148,0,0.0,0.0,0.0,0.0
10,Procedure,S0114,0,0.0,0.0,0.0,0.0
20,Procedure,S0114,0,0.0,0.0,0.0,0.0
30,Procedure,S0114,0,0.0,0.0,0.0,0.0
40,Procedure,S0114,0,0.0,0.0,0.0,0.0
50,Procedure,S0114,0,0.0,0.0,0.0,0.0
100,Procedure,S0114,0,0.0,0.0,0.0,0.0
150,Procedure,S0114,0,0.0,0.0,0.0,0.0
200,Procedure,S0114,0,0.0,0.0,0.0,0.0
10,Technique,T1592.001,0,0.0,0.0,0.0,0.0
20,Technique,T1592.001,0,0.0,0.0,0.0,0.0
30,Technique,T1592.001,0,0.0,0.0,0.0,0.0
40,Technique,T1592.001,0,0.0,0.0,0.0,0.0
50,Technique,T1592.001,0,0.0,0.0,0.0,0.0
100,Technique,T1592.001,0,0.0,0.0,0.0,0.0
150,Technique,T1592.001,0,0.0,0.0,0.0,0.0
200,Technique,T1592.001,0,0.0,0.0,0.0,0.0
10,CAPEC,671,0,0.0,0.0,0.0,0.0
20,CAPEC,671,0,0.0,0.0,0.0,0.0
30,CAPEC,671,0,0.0,0.0,0.0,0.0
40,CAPEC,671,0,0.0,0.0,0.0,0.0
50,CAPEC,671,0,0.0,0.0,0.0,0.0
100,CAPEC,671,0,0.0,0.0,0.0,0.0
150,CAPEC,671,0,0.0,0.0,0.0,0.0
200,CAPEC,671,0,0.0,0.0,0.0,0.0
10,Technique,T1578.002,0,0.0,0.0,0.0,0.0
20,Technique,T1578.002,0,0.0,0.0,0.0,0.0
30,Technique,T1578.002,0,0.0,0.0,0.0,0.0
40,Technique,T1578.002,0,0.0,0.0,0.0,0.0
50,Technique,T1578.002,0,0.0,0.0,0.0,0.0
100,Technique,T1578.002,0,0.0,0.0,0.0,0.0
150,Technique,T1578.002,0,0.0,0.0,0.0,0.0
200,Technique,T1578.002,0,0.0,0.0,0.0,0.0
10,Procedure,S0159,0,0.0,0.0,0.0,0.0
20,Procedure,S0159,0,0.0,0.0,0.0,0.0
30,Procedure,S0159,0,0.0,0.0,0.0,0.0
40,Procedure,S0159,0,0.0,0.0,0.0,0.0
50,Procedure,S0159,0,0.0,0.0,0.0,0.0
100,Procedure,S0159,0,0.0,0.0,0.0,0.0
150,Procedure,S0159,0,0.0,0.0,0.0,0.0
200,Procedure,S0159,0,0.0,0.0,0.0,0.0
10,Procedure,S0110,0,0.0,0.0,0.0,0.0
20,Procedure,S0110,0,0.0,0.0,0.0,0.0
30,Procedure,S0110,0,0.0,0.0,0.0,0.0
40,Procedure,S0110,0,0.0,0.0,0.0,0.0
50,Procedure,S0110,0,0.0,0.0,0.0,0.0
100,Procedure,S0110,0,0.0,0.0,0.0,0.0
150,Procedure,S0110,0,0.0,0.0,0.0,0.0
200,Procedure,S0110,0,0.0,0.0,0.0,0.0
10,Procedure,S0071,0,0.0,0.0,0.0,0.0
20,Procedure,S0071,0,0.0,0.0,0.0,0.0
30,Procedure,S0071,0,0.0,0.0,0.0,0.0
40,Procedure,S0071,0,0.0,0.0,0.0,0.0
50,Procedure,S0071,0,0.0,0.0,0.0,0.0
100,Procedure,S0071,0,0.0,0.0,0.0,0.0
150,Procedure,S0071,0,0.0,0.0,0.0,0.0
200,Procedure,S0071,0,0.0,0.0,0.0,0.0
10,Procedure,C0010,0,0.0,0.0,0.0,0.0
20,Procedure,C0010,0,0.0,0.0,0.0,0.0
30,Procedure,C0010,0,0.0,0.0,0.0,0.0
40,Procedure,C0010,0,0.0,0.0,0.0,0.0
50,Procedure,C0010,0,0.0,0.0,0.0,0.0
100,Procedure,C0010,0,0.0,0.0,0.0,0.0
150,Procedure,C0010,0,0.0,0.0,0.0,0.0
200,Procedure,C0010,0,0.0,0.0,0.0,0.0
10,Technique,T1068,0,0.0,0.0,0.0,0.0
20,Technique,T1068,0,0.0,0.0,0.0,0.0
30,Technique,T1068,0,0.0,0.0,0.0,0.0
40,Technique,T1068,0,0.0,0.0,0.0,0.0
50,Technique,T1068,0,0.0,0.0,0.0,0.0
100,Technique,T1068,0,0.0,0.0,0.0,0.0
150,Technique,T1068,0,0.0,0.0,0.0,0.0
200,Technique,T1068,0,0.0,0.0,0.0,0.0
10,Technique,T1490,0,0.0,0.0,0.0,0.0
20,Technique,T1490,0,0.0,0.0,0.0,0.0
30,Technique,T1490,0,0.0,0.0,0.0,0.0
40,Technique,T1490,0,0.0,0.0,0.0,0.0
50,Technique,T1490,0,0.0,0.0,0.0,0.0
100,Technique,T1490,0,0.0,0.0,0.0,0.0
150,Technique,T1490,0,0.0,0.0,0.0,0.0
200,Technique,T1490,0,0.0,0.0,0.0,0.0
10,Procedure,S0033,0,0.0,0.0,0.0,0.0
20,Procedure,S0033,0,0.0,0.0,0.0,0.0
30,Procedure,S0033,0,0.0,0.0,0.0,0.0
40,Procedure,S0033,0,0.0,0.0,0.0,0.0
50,Procedure,S0033,0,0.0,0.0,0.0,0.0
100,Procedure,S0033,0,0.0,0.0,0.0,0.0
150,Procedure,S0033,0,0.0,0.0,0.0,0.0
200,Procedure,S0033,0,0.0,0.0,0.0,0.0
10,Procedure,S0685,0,0.0,0.0,0.0,0.0
20,Procedure,S0685,0,0.0,0.0,0.0,0.0
30,Procedure,S0685,0,0.0,0.0,0.0,0.0
40,Procedure,S0685,0,0.0,0.0,0.0,0.0
50,Procedure,S0685,0,0.0,0.0,0.0,0.0
100,Procedure,S0685,0,0.0,0.0,0.0,0.0
150,Procedure,S0685,0,0.0,0.0,0.0,0.0
200,Procedure,S0685,0,0.0,0.0,0.0,0.0
10,Technique,T1583.003,0,0.0,0.0,0.0,0.0
20,Technique,T1583.003,0,0.0,0.0,0.0,0.0
30,Technique,T1583.003,0,0.0,0.0,0.0,0.0
40,Technique,T1583.003,0,0.0,0.0,0.0,0.0
50,Technique,T1583.003,0,0.0,0.0,0.0,0.0
100,Technique,T1583.003,0,0.0,0.0,0.0,0.0
150,Technique,T1583.003,0,0.0,0.0,0.0,0.0
200,Technique,T1583.003,0,0.0,0.0,0.0,0.0
10,Procedure,S0519,0,0.0,0.0,0.0,0.0
20,Procedure,S0519,0,0.0,0.0,0.0,0.0
30,Procedure,S0519,0,0.0,0.0,0.0,0.0
40,Procedure,S0519,0,0.0,0.0,0.0,0.0
50,Procedure,S0519,0,0.0,0.0,0.0,0.0
100,Procedure,S0519,0,0.0,0.0,0.0,0.0
150,Procedure,S0519,0,0.0,0.0,0.0,0.0
200,Procedure,S0519,0,0.0,0.0,0.0,0.0
10,Technique,T1480.001,0,0.0,0.0,0.0,0.0
20,Technique,T1480.001,0,0.0,0.0,0.0,0.0
30,Technique,T1480.001,0,0.0,0.0,0.0,0.0
40,Technique,T1480.001,0,0.0,0.0,0.0,0.0
50,Technique,T1480.001,0,0.0,0.0,0.0,0.0
100,Technique,T1480.001,0,0.0,0.0,0.0,0.0
150,Technique,T1480.001,0,0.0,0.0,0.0,0.0
200,Technique,T1480.001,0,0.0,0.0,0.0,0.0
10,Technique,T1652,0,0.0,0.0,0.0,0.0
20,Technique,T1652,0,0.0,0.0,0.0,0.0
30,Technique,T1652,0,0.0,0.0,0.0,0.0
40,Technique,T1652,0,0.0,0.0,0.0,0.0
50,Technique,T1652,0,0.0,0.0,0.0,0.0
100,Technique,T1652,0,0.0,0.0,0.0,0.0
150,Technique,T1652,0,0.0,0.0,0.0,0.0
200,Technique,T1652,0,0.0,0.0,0.0,0.0
10,Technique,T1052,0,0.0,0.0,0.0,0.0
20,Technique,T1052,0,0.0,0.0,0.0,0.0
30,Technique,T1052,0,0.0,0.0,0.0,0.0
40,Technique,T1052,0,0.0,0.0,0.0,0.0
50,Technique,T1052,0,0.0,0.0,0.0,0.0
100,Technique,T1052,0,0.0,0.0,0.0,0.0
150,Technique,T1052,0,0.0,0.0,0.0,0.0
200,Technique,T1052,0,0.0,0.0,0.0,0.0
10,CAPEC,130,0,0.0,0.0,0.0,0.0
20,CAPEC,130,0,0.0,0.0,0.0,0.0
30,CAPEC,130,0,0.0,0.0,0.0,0.0
40,CAPEC,130,0,0.0,0.0,0.0,0.0
50,CAPEC,130,0,0.0,0.0,0.0,0.0
100,CAPEC,130,0,0.0,0.0,0.0,0.0
150,CAPEC,130,0,0.0,0.0,0.0,0.0
200,CAPEC,130,0,0.0,0.0,0.0,0.0
10,Procedure,S0389,0,0.0,0.0,0.0,0.0
20,Procedure,S0389,0,0.0,0.0,0.0,0.0
30,Procedure,S0389,0,0.0,0.0,0.0,0.0
40,Procedure,S0389,0,0.0,0.0,0.0,0.0
50,Procedure,S0389,0,0.0,0.0,0.0,0.0
100,Procedure,S0389,0,0.0,0.0,0.0,0.0
150,Procedure,S0389,0,0.0,0.0,0.0,0.0
200,Procedure,S0389,0,0.0,0.0,0.0,0.0
10,Procedure,S0206,0,0.0,0.0,0.0,0.0
20,Procedure,S0206,0,0.0,0.0,0.0,0.0
30,Procedure,S0206,0,0.0,0.0,0.0,0.0
40,Procedure,S0206,0,0.0,0.0,0.0,0.0
50,Procedure,S0206,0,0.0,0.0,0.0,0.0
100,Procedure,S0206,0,0.0,0.0,0.0,0.0
150,Procedure,S0206,0,0.0,0.0,0.0,0.0
200,Procedure,S0206,0,0.0,0.0,0.0,0.0
10,Technique,T1218.012,0,0.0,0.0,0.0,0.0
20,Technique,T1218.012,0,0.0,0.0,0.0,0.0
30,Technique,T1218.012,0,0.0,0.0,0.0,0.0
40,Technique,T1218.012,0,0.0,0.0,0.0,0.0
50,Technique,T1218.012,0,0.0,0.0,0.0,0.0
100,Technique,T1218.012,0,0.0,0.0,0.0,0.0
150,Technique,T1218.012,0,0.0,0.0,0.0,0.0
200,Technique,T1218.012,0,0.0,0.0,0.0,0.0
10,Technique,T1136.002,0,0.0,0.0,0.0,0.0
20,Technique,T1136.002,0,0.0,0.0,0.0,0.0
30,Technique,T1136.002,0,0.0,0.0,0.0,0.0
40,Technique,T1136.002,0,0.0,0.0,0.0,0.0
50,Technique,T1136.002,0,0.0,0.0,0.0,0.0
100,Technique,T1136.002,0,0.0,0.0,0.0,0.0
150,Technique,T1136.002,0,0.0,0.0,0.0,0.0
200,Technique,T1136.002,0,0.0,0.0,0.0,0.0
10,Technique,T1036.002,0,0.0,0.0,0.0,0.0
20,Technique,T1036.002,0,0.0,0.0,0.0,0.0
30,Technique,T1036.002,0,0.0,0.0,0.0,0.0
40,Technique,T1036.002,0,0.0,0.0,0.0,0.0
50,Technique,T1036.002,0,0.0,0.0,0.0,0.0
100,Technique,T1036.002,0,0.0,0.0,0.0,0.0
150,Technique,T1036.002,0,0.0,0.0,0.0,0.0
200,Technique,T1036.002,0,0.0,0.0,0.0,0.0
10,Technique,T1003.005,0,0.0,0.0,0.0,0.0
20,Technique,T1003.005,0,0.0,0.0,0.0,0.0
30,Technique,T1003.005,0,0.0,0.0,0.0,0.0
40,Technique,T1003.005,0,0.0,0.0,0.0,0.0
50,Technique,T1003.005,0,0.0,0.0,0.0,0.0
100,Technique,T1003.005,0,0.0,0.0,0.0,0.0
150,Technique,T1003.005,0,0.0,0.0,0.0,0.0
200,Technique,T1003.005,0,0.0,0.0,0.0,0.0
10,CAPEC,407,0,0.0,0.0,0.0,0.0
20,CAPEC,407,0,0.0,0.0,0.0,0.0
30,CAPEC,407,0,0.0,0.0,0.0,0.0
40,CAPEC,407,0,0.0,0.0,0.0,0.0
50,CAPEC,407,0,0.0,0.0,0.0,0.0
100,CAPEC,407,0,0.0,0.0,0.0,0.0
150,CAPEC,407,0,0.0,0.0,0.0,0.0
200,CAPEC,407,0,0.0,0.0,0.0,0.0
10,Procedure,G0083,0,0.0,0.0,0.0,0.0
20,Procedure,G0083,0,0.0,0.0,0.0,0.0
30,Procedure,G0083,0,0.0,0.0,0.0,0.0
40,Procedure,G0083,0,0.0,0.0,0.0,0.0
50,Procedure,G0083,0,0.0,0.0,0.0,0.0
100,Procedure,G0083,0,0.0,0.0,0.0,0.0
150,Procedure,G0083,0,0.0,0.0,0.0,0.0
200,Procedure,G0083,0,0.0,0.0,0.0,0.0
10,CAPEC,480,0,0.0,0.0,0.0,0.0
20,CAPEC,480,0,0.0,0.0,0.0,0.0
30,CAPEC,480,0,0.0,0.0,0.0,0.0
40,CAPEC,480,0,0.0,0.0,0.0,0.0
50,CAPEC,480,0,0.0,0.0,0.0,0.0
100,CAPEC,480,0,0.0,0.0,0.0,0.0
150,CAPEC,480,0,0.0,0.0,0.0,0.0
200,CAPEC,480,0,0.0,0.0,0.0,0.0
10,CAPEC,675,0,0.0,0.0,0.0,0.0
20,CAPEC,675,0,0.0,0.0,0.0,0.0
30,CAPEC,675,0,0.0,0.0,0.0,0.0
40,CAPEC,675,0,0.0,0.0,0.0,0.0
50,CAPEC,675,0,0.0,0.0,0.0,0.0
100,CAPEC,675,0,0.0,0.0,0.0,0.0
150,CAPEC,675,0,0.0,0.0,0.0,0.0
200,CAPEC,675,0,0.0,0.0,0.0,0.0
10,CAPEC,558,0,0.0,0.0,0.0,0.0
20,CAPEC,558,0,0.0,0.0,0.0,0.0
30,CAPEC,558,0,0.0,0.0,0.0,0.0
40,CAPEC,558,0,0.0,0.0,0.0,0.0
50,CAPEC,558,0,0.0,0.0,0.0,0.0
100,CAPEC,558,0,0.0,0.0,0.0,0.0
150,CAPEC,558,0,0.0,0.0,0.0,0.0
200,CAPEC,558,0,0.0,0.0,0.0,0.0
10,Procedure,G0003,0,0.0,0.0,0.0,0.0
20,Procedure,G0003,0,0.0,0.0,0.0,0.0
30,Procedure,G0003,0,0.0,0.0,0.0,0.0
40,Procedure,G0003,0,0.0,0.0,0.0,0.0
50,Procedure,G0003,0,0.0,0.0,0.0,0.0
100,Procedure,G0003,0,0.0,0.0,0.0,0.0
150,Procedure,G0003,0,0.0,0.0,0.0,0.0
200,Procedure,G0003,0,0.0,0.0,0.0,0.0
10,Technique,T1127,0,0.0,0.0,0.0,0.0
20,Technique,T1127,0,0.0,0.0,0.0,0.0
30,Technique,T1127,0,0.0,0.0,0.0,0.0
40,Technique,T1127,0,0.0,0.0,0.0,0.0
50,Technique,T1127,0,0.0,0.0,0.0,0.0
100,Technique,T1127,0,0.0,0.0,0.0,0.0
150,Technique,T1127,0,0.0,0.0,0.0,0.0
200,Technique,T1127,0,0.0,0.0,0.0,0.0
10,Technique,T1531,0,0.0,0.0,0.0,0.0
20,Technique,T1531,0,0.0,0.0,0.0,0.0
30,Technique,T1531,0,0.0,0.0,0.0,0.0
40,Technique,T1531,0,0.0,0.0,0.0,0.0
50,Technique,T1531,0,0.0,0.0,0.0,0.0
100,Technique,T1531,0,0.0,0.0,0.0,0.0
150,Technique,T1531,0,0.0,0.0,0.0,0.0
200,Technique,T1531,0,0.0,0.0,0.0,0.0
10,CAPEC,678,0,0.0,0.0,0.0,0.0
20,CAPEC,678,0,0.0,0.0,0.0,0.0
30,CAPEC,678,0,0.0,0.0,0.0,0.0
40,CAPEC,678,0,0.0,0.0,0.0,0.0
50,CAPEC,678,0,0.0,0.0,0.0,0.0
100,CAPEC,678,0,0.0,0.0,0.0,0.0
150,CAPEC,678,0,0.0,0.0,0.0,0.0
200,CAPEC,678,0,0.0,0.0,0.0,0.0
10,Procedure,S0508,0,0.0,0.0,0.0,0.0
20,Procedure,S0508,0,0.0,0.0,0.0,0.0
30,Procedure,S0508,0,0.0,0.0,0.0,0.0
40,Procedure,S0508,0,0.0,0.0,0.0,0.0
50,Procedure,S0508,0,0.0,0.0,0.0,0.0
100,Procedure,S0508,0,0.0,0.0,0.0,0.0
150,Procedure,S0508,0,0.0,0.0,0.0,0.0
200,Procedure,S0508,0,0.0,0.0,0.0,0.0
10,Technique,T1589.002,0,0.0,0.0,0.0,0.0
20,Technique,T1589.002,0,0.0,0.0,0.0,0.0
30,Technique,T1589.002,0,0.0,0.0,0.0,0.0
40,Technique,T1589.002,0,0.0,0.0,0.0,0.0
50,Technique,T1589.002,0,0.0,0.0,0.0,0.0
100,Technique,T1589.002,0,0.0,0.0,0.0,0.0
150,Technique,T1589.002,0,0.0,0.0,0.0,0.0
200,Technique,T1589.002,0,0.0,0.0,0.0,0.0
10,CAPEC,537,0,0.0,0.0,0.0,0.0
20,CAPEC,537,0,0.0,0.0,0.0,0.0
30,CAPEC,537,0,0.0,0.0,0.0,0.0
40,CAPEC,537,0,0.0,0.0,0.0,0.0
50,CAPEC,537,0,0.0,0.0,0.0,0.0
100,CAPEC,537,0,0.0,0.0,0.0,0.0
150,CAPEC,537,0,0.0,0.0,0.0,0.0
200,CAPEC,537,0,0.0,0.0,0.0,0.0
10,Procedure,S0371,0,0.0,0.0,0.0,0.0
20,Procedure,S0371,0,0.0,0.0,0.0,0.0
30,Procedure,S0371,0,0.0,0.0,0.0,0.0
40,Procedure,S0371,0,0.0,0.0,0.0,0.0
50,Procedure,S0371,0,0.0,0.0,0.0,0.0
100,Procedure,S0371,0,0.0,0.0,0.0,0.0
150,Procedure,S0371,0,0.0,0.0,0.0,0.0
200,Procedure,S0371,0,0.0,0.0,0.0,0.0
10,CAPEC,542,0,0.0,0.0,0.0,0.0
20,CAPEC,542,0,0.0,0.0,0.0,0.0
30,CAPEC,542,0,0.0,0.0,0.0,0.0
40,CAPEC,542,0,0.0,0.0,0.0,0.0
50,CAPEC,542,0,0.0,0.0,0.0,0.0
100,CAPEC,542,0,0.0,0.0,0.0,0.0
150,CAPEC,542,0,0.0,0.0,0.0,0.0
200,CAPEC,542,0,0.0,0.0,0.0,0.0
